"#dig start(36;74) 97 rooms, 9 tiles each (fractal design)"
# see an image of this blueprint at: https://i.imgur.com/ENi5QLX.png
 , , , , , , , , , , , , , , , , , , , , , , , , , , , , , , , , , , , , , , , , , , , , , , , , , , , , , , , , , , , , , , , , , , , , , , ,#
 , , , , , , , , , , , , , , , , , , , , , , , , , , , , , , , , , ,d,d,d, , , , , , , , , , , , , , , , , , , , , , , , , , , , , , , , , , ,#
 , , , , , , , , , , , , , , , , , , , , , , , , , , , , , , , , , ,d,d,d, , , , , , , , , , , , , , , , , , , , , , , , , , , , , , , , , , ,#
 , , , , , , , , , , , , , , , , , , , , , , , , , , , , , , , , , ,d,d,d, , , , , , , , , , , , , , , , , , , , , , , , , , , , , , , , , , ,#
 , , , , , , , , , , , , , , , , , , , , , , , , , , , , , , , , , , ,d, , , , , , , , , , , , , , , , , , , , , , , , , , , , , , , , , , , ,#
 , , , , , , , , , , , , , , , , , , , , , , , , , , , , , , ,d,d,d, ,d, ,d,d,d, , , , , , , , , , , , , , , , , , , , , , , , , , , , , , , ,#
 , , , , , , , , , , , , , , , , , , , , , , , , , , , , , , ,d,d,d,d,d,d,d,d,d, , , , , , , , , , , , , , , , , , , , , , , , , , , , , , , ,#
 , , , , , , , , , , , , , , , , , , , , , , , , , , , , , , ,d,d,d, ,d, ,d,d,d, , , , , , , , , , , , , , , , , , , , , , , , , , , , , , , ,#
 , , , , , , , , , , , , , , , , , , , , , , , , , , , , , , , , , , ,d, , , , , , , , , , , , , , , , , , , , , , , , , , , , , , , , , , , ,#
 , , , , , , , , , , , , , , , , , , , , , , , , , , , , , , ,d,d,d, ,d, ,d,d,d, , , , , , , , , , , , , , , , , , , , , , , , , , , , , , , ,#
 , , , , , , , , , , , , , , , , , , , , , , , , , , , , , , ,d,d,d, ,d, ,d,d,d, , , , , , , , , , , , , , , , , , , , , , , , , , , , , , , ,#
 , , , , , , , , , , , , , , , , , , , , , , , , , , , , , , ,d,d,d, ,d, ,d,d,d, , , , , , , , , , , , , , , , , , , , , , , , , , , , , , , ,#
 , , , , , , , , , , , , , , , , , , , , , , , , , , ,d,d,d, , ,d, , ,d, , ,d, , ,d,d,d, , , , , , , , , , , , , , , , , , , , , , , , , , , ,#
 , , , , , , , , , , , , , , , , , , , , , , , , , , ,d,d,d,d,d,d,d,d,d,d,d,d,d,d,d,d,d, , , , , , , , , , , , , , , , , , , , , , , , , , , ,#
 , , , , , , , , , , , , , , , , , , , , , , , , , , ,d,d,d, , ,d, , ,d, , ,d, , ,d,d,d, , , , , , , , , , , , , , , , , , , , , , , , , , , ,#
 , , , , , , , , , , , , , , , , , , , , , , , , , , , , , , ,d,d,d, ,d, ,d,d,d, , , , , , , , , , , , , , , , , , , , , , , , , , , , , , , ,#
 , , , , , , , , , , , , , , , , , , , , , , , , , , ,d,d,d, ,d,d,d, ,d, ,d,d,d, ,d,d,d, , , , , , , , , , , , , , , , , , , , , , , , , , , ,#
 , , , , , , , , , , , , , , , , , , , , , , , , , , ,d,d,d, ,d,d,d, ,d, ,d,d,d, ,d,d,d, , , , , , , , , , , , , , , , , , , , , , , , , , , ,#
 , , , , , , , , , , , , , , , , , , , , , , , , , , ,d,d,d, ,d,d,d, ,d, ,d,d,d, ,d,d,d, , , , , , , , , , , , , , , , , , , , , , , , , , , ,#
 , , , , , , , , , , , , , , , , , , , , , , , , , , , ,d, , , , , , ,d, , , , , , ,d, , , , , , , , , , , , , , , , , , , , , , , , , , , , ,#
 , , , , , , , , , , , , , , , , , , , ,d,d,d, ,d,d,d, ,d, ,d,d,d,d, ,d, ,d,d,d,d, ,d, ,d,d,d, ,d,d,d, , , , , , , , , , , , , , , , , , , , ,#
 , , , , , , , , , , , , , , , , , , , ,d,d,d, ,d,d,d,d,d,d,d,d,d,d, ,d, ,d,d,d,d,d,d,d,d,d,d, ,d,d,d, , , , , , , , , , , , , , , , , , , , ,#
 , , , , , , , , , , , , , , , , , , , ,d,d,d, ,d,d,d, ,d, ,d,d,d,d, ,d, ,d,d,d,d, ,d, ,d,d,d, ,d,d,d, , , , , , , , , , , , , , , , , , , , ,#
 , , , , , , , , , , , , , , , ,d,d,d, , ,d, , , , , , ,d, , , , , , ,d, , , , , , ,d, , , , , , ,d, , ,d,d,d, , , , , , , , , , , , , , , , ,#
 , , , , , , , , , , , , , , , ,d,d,d,d,d,d,d,d,d,d,d,d,d,d,d,d,d,d,d,d,d,d,d,d,d,d,d,d,d,d,d,d,d,d,d,d,d,d,d, , , , , , , , , , , , , , , , ,#
 , , , , , , , , , , , , , , , ,d,d,d, , ,d, , , , , , ,d, , , , , ,d,d,d, , , , , ,d, , , , , , ,d, , ,d,d,d, , , , , , , , , , , , , , , , ,#
 , , , , , , , , , , , , , , , , , , , ,d,d,d, ,d,d,d, ,d, ,d,d,d, ,d,d,d, ,d,d,d, ,d, ,d,d,d, ,d,d,d, , , , , , , , , , , , , , , , , , , , ,#
 , , , , , , , , , , , , , , , , , , , ,d,d,d, ,d,d,d,d,d,d,d,d,d, ,d,d,d, ,d,d,d,d,d,d,d,d,d, ,d,d,d, , , , , , , , , , , , , , , , , , , , ,#
 , , , , , , , , , , , , , , , , , , , ,d,d,d, ,d,d,d, ,d, ,d,d,d, ,d,d,d, ,d,d,d, ,d, ,d,d,d, ,d,d,d, , , , , , , , , , , , , , , , , , , , ,#
 , , , , , , , , , , , , , , , , , , , , , , , , , , , ,d, , , , , ,d,d,d, , , , , ,d, , , , , , , , , , , , , , , , , , , , , , , , , , , , ,#
 , , , , , , , , , , , , , , , , , , , , , , ,d,d,d, ,d,d,d, ,d,d, ,d,d,d, ,d,d, ,d,d,d, ,d,d,d, , , , , , , , , , , , , , , , , , , , , , , ,#
 , , , , , , , , , , , , , , , , , , , , , , ,d,d,d, ,d,d,d, ,d,d,d,d,d,d,d,d,d, ,d,d,d, ,d,d,d, , , , , , , , , , , , , , , , , , , , , , , ,#
 , , , , , , , , , , , , , , , , , , , , , , ,d,d,d, ,d,d,d, ,d,d, ,d,d,d, ,d,d, ,d,d,d, ,d,d,d, , , , , , , , , , , , , , , , , , , , , , , ,#
 , , , , , , , , , , , , , , , , , , , , , , , ,d, , , , , , ,d, , ,d,d,d, , ,d, , , , , , ,d, , , , , , , , , , , , , , , , , , , , , , , , ,#
 , , , , , , , , , , , , , , , , , , , ,d,d,d, ,d, ,d,d,d, ,d,d,d, ,d,d,d, ,d,d,d, ,d,d,d, ,d, ,d,d,d, , , , , , , , , , , , , , , , , , , , ,#
 , , , , , , , , , , , , , , , , , , , ,d,d,d,d,d,d,d,d,d, ,d,d,d, ,d,d,d, ,d,d,d, ,d,d,d,d,d,d,d,d,d, , , , , , , , , , , , , , , , , , , , ,#
 , , , , , , , , , , , , , , , , , , , ,d,d,d, ,d, ,d,d,d, , ,d, , ,d,d,d, , ,d, , ,d,d,d, ,d, ,d,d,d, , , , , , , , , , , , , , , , , , , , ,#
 , , , , , , , , , , , , , , , , , , , , , , , ,d, , , , , ,d,d,d, ,d,d,d, ,d,d,d, , , , , ,d, , , , , , , , , , , , , , , , , , , , , , , , ,#
 , , , , , , , , , , , , , , , , , , , ,d,d,d, ,d, ,d,d,d, ,d,d,d, ,d,d,d, ,d,d,d, ,d,d,d, ,d, ,d,d,d, , , , , , , , , , , , , , , , , , , , ,#
 , , , , , , , , , , , , , , , , , , , ,d,d,d, ,d, ,d,d,d, ,d,d,d, ,d,d,d, ,d,d,d, ,d,d,d, ,d, ,d,d,d, , , , , , , , , , , , , , , , , , , , ,#
 , , , , , , , , , , , , , , , , , , , ,d,d,d, ,d, ,d,d,d, , , , , ,d,d,d, , , , , ,d,d,d, ,d, ,d,d,d, , , , , , , , , , , , , , , , , , , , ,#
 , , , , , , , , , , , ,d,d,d, ,d,d,d, , ,d, , ,d, , ,d, , ,d,d,d, ,d,d,d, ,d,d,d, , ,d, , ,d, , ,d, , ,d,d,d, ,d,d,d, , , , , , , , , , , , ,#
 , , , , , , , , , , , ,d,d,d, ,d,d,d,d,d,d,d,d,d,d,d,d,d,d,d,d,d, ,d,d,d, ,d,d,d,d,d,d,d,d,d,d,d,d,d,d,d,d,d, ,d,d,d, , , , , , , , , , , , ,#
 , , , , , , , , , , , ,d,d,d, ,d,d,d, , ,d, , ,d, , ,d, , ,d,d,d, ,d,d,d, ,d,d,d, , ,d, , ,d, , ,d, , ,d,d,d, ,d,d,d, , , , , , , , , , , , ,#
 , , , , , , , , , , , , ,d, , , , , , ,d,d,d, ,d, ,d,d,d, , , , , ,d,d,d, , , , , ,d,d,d, ,d, ,d,d,d, , , , , , ,d, , , , , , , , , , , , , ,#
 , , , , ,d,d,d, ,d,d,d, ,d, ,d,d,d,d, ,d,d,d, ,d, ,d,d,d, ,d,d,d, ,d,d,d, ,d,d,d, ,d,d,d, ,d, ,d,d,d, ,d,d,d,d, ,d, ,d,d,d, ,d,d,d, , , , , ,#
 , , , , ,d,d,d, ,d,d,d,d,d,d,d,d,d,d, ,d,d,d, ,d, ,d,d,d, ,d,d,d, ,d,d,d, ,d,d,d, ,d,d,d, ,d, ,d,d,d, ,d,d,d,d,d,d,d,d,d,d, ,d,d,d, , , , , ,#
 , , , , ,d,d,d, ,d,d,d, ,d, ,d,d,d,d, ,d,d,d, ,d, , , , , , ,d, , ,d,d,d, , ,d, , , , , , ,d, ,d,d,d, ,d,d,d,d, ,d, ,d,d,d, ,d,d,d, , , , , ,#
 ,d,d,d, , ,d, , , , , , ,d, , , , , , , , , , ,d,d,d,d,d,d,d,d,d,d,d,d,d,d,d,d,d,d,d,d,d,d,d, , , , , , , , , , ,d, , , , , , ,d, , ,d,d,d, ,#
 ,d,d,d,d,d,d,d,d,d,d,d,d,d,d,d,d,d,d,d,d,d,d,d,d,d,d,d,d,d,d,d,d,d,d,d,d,d,d,d,d,d,d,d,d,d,d,d,d,d,d,d,d,d,d,d,d,d,d,d,d,d,d,d,d,d,d,d,d,d, ,#
 ,d,d,d, , ,d, , , , , , ,d, , , , , , , , , , ,d,d,d,d,d,d,d,d,d,d,d,d,d,d,d,d,d,d,d,d,d,d,d, , , , , , , , , , ,d, , , , , , ,d, , ,d,d,d, ,#
 , , , , ,d,d,d, ,d,d,d, ,d, ,d,d,d,d, ,d,d,d, ,d, , , , , , ,d, , ,d,d,d, , ,d, , , , , , ,d, ,d,d,d, ,d,d,d,d, ,d, ,d,d,d, ,d,d,d, , , , , ,#
 , , , , ,d,d,d, ,d,d,d,d,d,d,d,d,d,d, ,d,d,d, ,d, ,d,d,d, ,d,d,d, ,d,d,d, ,d,d,d, ,d,d,d, ,d, ,d,d,d, ,d,d,d,d,d,d,d,d,d,d, ,d,d,d, , , , , ,#
 , , , , ,d,d,d, ,d,d,d, ,d, ,d,d,d,d, ,d,d,d, ,d, ,d,d,d, ,d,d,d, ,d,d,d, ,d,d,d, ,d,d,d, ,d, ,d,d,d, ,d,d,d,d, ,d, ,d,d,d, ,d,d,d, , , , , ,#
 , , , , , , , , , , , , ,d, , , , , , ,d,d,d, ,d, ,d,d,d, , , , , ,d,d,d, , , , , ,d,d,d, ,d, ,d,d,d, , , , , , ,d, , , , , , , , , , , , , ,#
 , , , , , , , , , , , ,d,d,d, ,d,d,d, , ,d, , ,d, , ,d, , ,d,d,d, ,d,d,d, ,d,d,d, , ,d, , ,d, , ,d, , ,d,d,d, ,d,d,d, , , , , , , , , , , , ,#
 , , , , , , , , , , , ,d,d,d, ,d,d,d,d,d,d,d,d,d,d,d,d,d,d,d,d,d, ,d,d,d, ,d,d,d,d,d,d,d,d,d,d,d,d,d,d,d,d,d, ,d,d,d, , , , , , , , , , , , ,#
 , , , , , , , , , , , ,d,d,d, ,d,d,d, , ,d, , ,d, , ,d, , ,d,d,d, ,d,d,d, ,d,d,d, , ,d, , ,d, , ,d, , ,d,d,d, ,d,d,d, , , , , , , , , , , , ,#
 , , , , , , , , , , , , , , , , , , , ,d,d,d, ,d, ,d,d,d, , , , , ,d,d,d, , , , , ,d,d,d, ,d, ,d,d,d, , , , , , , , , , , , , , , , , , , , ,#
 , , , , , , , , , , , , , , , , , , , ,d,d,d, ,d, ,d,d,d, ,d,d,d, ,d,d,d, ,d,d,d, ,d,d,d, ,d, ,d,d,d, , , , , , , , , , , , , , , , , , , , ,#
 , , , , , , , , , , , , , , , , , , , ,d,d,d, ,d, ,d,d,d, ,d,d,d, ,d,d,d, ,d,d,d, ,d,d,d, ,d, ,d,d,d, , , , , , , , , , , , , , , , , , , , ,#
 , , , , , , , , , , , , , , , , , , , , , , , ,d, , , , , ,d,d,d,d,d,d,d,d,d,d,d, , , , , ,d, , , , , , , , , , , , , , , , , , , , , , , , ,#
 , , , , , , , , , , , , , , , , , , , ,d,d,d, ,d, ,d,d,d, ,d,d,d, ,d,d,d, ,d,d,d, ,d,d,d, ,d, ,d,d,d, , , , , , , , , , , , , , , , , , , , ,#
 , , , , , , , , , , , , , , , , , , , ,d,d,d,d,d,d,d,d,d, , ,d, , ,d,d,d, , ,d, , ,d,d,d,d,d,d,d,d,d, , , , , , , , , , , , , , , , , , , , ,#
 , , , , , , , , , , , , , , , , , , , ,d,d,d, ,d, ,d,d,d, ,d,d,d, ,d,d,d, ,d,d,d, ,d,d,d, ,d, ,d,d,d, , , , , , , , , , , , , , , , , , , , ,#
 , , , , , , , , , , , , , , , , , , , , , , , ,d, , , , , , ,d,d, ,d,d,d, ,d,d, , , , , , ,d, , , , , , , , , , , , , , , , , , , , , , , , ,#
 , , , , , , , , , , , , , , , , , , , , , , ,d,d,d, ,d,d,d, ,d,d, ,d,d,d, ,d,d, ,d,d,d, ,d,d,d, , , , , , , , , , , , , , , , , , , , , , , ,#
 , , , , , , , , , , , , , , , , , , , , , , ,d,d,d, ,d,d,d,d,d,d, ,d,d,d, ,d,d,d,d,d,d, ,d,d,d, , , , , , , , , , , , , , , , , , , , , , , ,#
 , , , , , , , , , , , , , , , , , , , , , , ,d,d,d, ,d,d,d, ,d,d, ,d,d,d, ,d,d, ,d,d,d, ,d,d,d, , , , , , , , , , , , , , , , , , , , , , , ,#
 , , , , , , , , , , , , , , , , , , , , , , , , , , , , , , , , , ,d,d,d, , , , , , , , , , , , , , , , , , , , , , , , , , , , , , , , , , ,#
 , , , , , , , , , , , , , , , , , , , , , ,d,d,d,d,d,d,d,d,d,d,d,d,d,d,d,d,d,d,d,d,d,d,d,d,d,d,d, , , , , , , , , , , , , , , , , , , , , , ,#
 , , , , , , , , , , , , , , , , , , , , , ,d,d,d,d,d,d,d,d,d,d,d,d,i,i,i,d,d,d,d,d,d,d,d,d,d,d,d, , , , , , , , , , , , , , , , , , , , , , ,#
 , , , , , , , , , , , , , , , , , , , , , ,d,d,d,d,d,d,d,d,d,d,d,d,i,i,i,d,d,d,d,d,d,d,d,d,d,d,d, , , , , , , , , , , , , , , , , , , , , , ,#
 , , , , , , , , , , , , , , , , , , , , , ,d,d,d,d,d,d,d,d,d,d,d,d,i,i,i,d,d,d,d,d,d,d,d,d,d,d,d, , , , , , , , , , , , , , , , , , , , , , ,#
 , , , , , , , , , , , , , , , , , , , , , , , , , , , , , , , , , , , , , , , , , , , , , , , , , , , , , , , , , , , , , , , , , , , , , , ,#
#,#,#,#,#,#,#,#,#,#,#,#,#,#,#,#,#,#,#,#,#,#,#,#,#,#,#,#,#,#,#,#,#,#,#,#,#,#,#,#,#,#,#,#,#,#,#,#,#,#,#,#,#,#,#,#,#,#,#,#,#,#,#,#,#,#,#,#,#,#,#,#
"#build label(furniture) start(36;73) 97 doors; 95 beds, coffers, and cabinets; 190 urns; 14 tables, chairs, weapon racks, armor stands, and statues"
 , , , , , , , , , , , , , , , , , , , , , , , , , , , , , , , , , , , , , , , , , , , , , , , , , , , , , , , , , , , , , , , , , , , , , , ,#
 , , , , , , , , , , , , , , , , , , , , , , , , , , , , , , , , , ,h,`,f, , , , , , , , , , , , , , , , , , , , , , , , , , , , , , , , , , ,#
 , , , , , , , , , , , , , , , , , , , , , , , , , , , , , , , , , ,`,b,`, , , , , , , , , , , , , , , , , , , , , , , , , , , , , , , , , , ,#
 , , , , , , , , , , , , , , , , , , , , , , , , , , , , , , , , , ,n,`,n, , , , , , , , , , , , , , , , , , , , , , , , , , , , , , , , , , ,#
 , , , , , , , , , , , , , , , , , , , , , , , , , , , , , , , , , , ,d, , , , , , , , , , , , , , , , , , , , , , , , , , , , , , , , , , , ,#
 , , , , , , , , , , , , , , , , , , , , , , , , , , , , , , ,f,`,n, ,`, ,n,`,f, , , , , , , , , , , , , , , , , , , , , , , , , , , , , , , ,#
 , , , , , , , , , , , , , , , , , , , , , , , , , , , , , , ,`,b,`,d,`,d,`,b,`, , , , , , , , , , , , , , , , , , , , , , , , , , , , , , , ,#
 , , , , , , , , , , , , , , , , , , , , , , , , , , , , , , ,h,`,n, ,`, ,n,`,h, , , , , , , , , , , , , , , , , , , , , , , , , , , , , , , ,#
 , , , , , , , , , , , , , , , , , , , , , , , , , , , , , , , , , , ,`, , , , , , , , , , , , , , , , , , , , , , , , , , , , , , , , , , , ,#
 , , , , , , , , , , , , , , , , , , , , , , , , , , , , , , ,h,`,f, ,`, ,h,`,f, , , , , , , , , , , , , , , , , , , , , , , , , , , , , , , ,#
 , , , , , , , , , , , , , , , , , , , , , , , , , , , , , , ,`,b,`, ,`, ,`,b,`, , , , , , , , , , , , , , , , , , , , , , , , , , , , , , , ,#
 , , , , , , , , , , , , , , , , , , , , , , , , , , , , , , ,n,`,n, ,`, ,n,`,n, , , , , , , , , , , , , , , , , , , , , , , , , , , , , , , ,#
 , , , , , , , , , , , , , , , , , , , , , , , , , , ,f,`,n, , ,d, , ,`, , ,d, , ,n,`,f, , , , , , , , , , , , , , , , , , , , , , , , , , , ,#
 , , , , , , , , , , , , , , , , , , , , , , , , , , ,`,b,`,d,`,`,`,`,`,`,`,`,`,d,`,b,`, , , , , , , , , , , , , , , , , , , , , , , , , , , ,#
 , , , , , , , , , , , , , , , , , , , , , , , , , , ,h,`,n, , ,d, , ,`, , ,d, , ,n,`,h, , , , , , , , , , , , , , , , , , , , , , , , , , , ,#
 , , , , , , , , , , , , , , , , , , , , , , , , , , , , , , ,n,`,n, ,`, ,n,`,n, , , , , , , , , , , , , , , , , , , , , , , , , , , , , , , ,#
 , , , , , , , , , , , , , , , , , , , , , , , , , , ,h,`,f, ,r,b,t, ,`, ,r,b,t, ,h,`,f, , , , , , , , , , , , , , , , , , , , , , , , , , , ,#
 , , , , , , , , , , , , , , , , , , , , , , , , , , ,`,b,`, ,a,`,c, ,`, ,a,`,c, ,`,b,`, , , , , , , , , , , , , , , , , , , , , , , , , , , ,#
 , , , , , , , , , , , , , , , , , , , , , , , , , , ,n,`,n, ,h,s,f, ,`, ,h,s,f, ,n,`,n, , , , , , , , , , , , , , , , , , , , , , , , , , , ,#
 , , , , , , , , , , , , , , , , , , , , , , , , , , , ,d, , , , , , ,`, , , , , , ,d, , , , , , , , , , , , , , , , , , , , , , , , , , , , ,#
 , , , , , , , , , , , , , , , , , , , ,h,`,f, ,f,`,n, ,`, ,n,r,a,h, ,`, ,h,a,r,n, ,`, ,n,`,f, ,h,`,f, , , , , , , , , , , , , , , , , , , , ,#
 , , , , , , , , , , , , , , , , , , , ,`,b,`, ,`,b,`,d,`,d,`,b,`,s, ,`, ,s,`,b,`,d,`,d,`,b,`, ,`,b,`, , , , , , , , , , , , , , , , , , , , ,#
 , , , , , , , , , , , , , , , , , , , ,n,`,n, ,h,`,n, ,`, ,n,t,c,f, ,`, ,f,c,t,n, ,`, ,n,`,h, ,n,`,n, , , , , , , , , , , , , , , , , , , , ,#
 , , , , , , , , , , , , , , , ,f,`,n, , ,d, , , , , , ,`, , , , , , ,`, , , , , , ,`, , , , , , ,d, , ,n,`,f, , , , , , , , , , , , , , , , ,#
 , , , , , , , , , , , , , , , ,`,b,`,d,`,`,`,`,`,`,`,`,`,`,`,`,`,`,`,`,`,`,`,`,`,`,`,`,`,`,`,`,`,`,`,d,`,b,`, , , , , , , , , , , , , , , , ,#
 , , , , , , , , , , , , , , , ,h,`,n, , ,d, , , , , , ,`, , , , , ,`,`,`, , , , , ,`, , , , , , ,d, , ,n,`,h, , , , , , , , , , , , , , , , ,#
 , , , , , , , , , , , , , , , , , , , ,n,`,n, ,f,`,n, ,`, ,n,`,f, ,`,`,`, ,f,`,n, ,`, ,n,`,f, ,n,`,n, , , , , , , , , , , , , , , , , , , , ,#
 , , , , , , , , , , , , , , , , , , , ,`,b,`, ,`,b,`,d,`,d,`,b,`, ,`,`,`, ,`,b,`,d,`,d,`,b,`, ,`,b,`, , , , , , , , , , , , , , , , , , , , ,#
 , , , , , , , , , , , , , , , , , , , ,h,`,f, ,h,`,n, ,`, ,n,`,h, ,`,`,`, ,h,`,n, ,`, ,n,`,h, ,h,`,f, , , , , , , , , , , , , , , , , , , , ,#
 , , , , , , , , , , , , , , , , , , , , , , , , , , , ,d, , , , , ,`,`,`, , , , , ,d, , , , , , , , , , , , , , , , , , , , , , , , , , , , ,#
 , , , , , , , , , , , , , , , , , , , , , , ,h,`,f, ,n,`,n, ,f,n, ,`,`,`, ,n,f, ,n,`,n, ,h,`,f, , , , , , , , , , , , , , , , , , , , , , , ,#
 , , , , , , , , , , , , , , , , , , , , , , ,`,b,`, ,`,b,`, ,b,`,d,`,`,`,d,`,b, ,`,b,`, ,`,b,`, , , , , , , , , , , , , , , , , , , , , , , ,#
 , , , , , , , , , , , , , , , , , , , , , , ,n,`,n, ,h,`,f, ,h,n, ,`,`,`, ,n,h, ,h,`,f, ,n,`,n, , , , , , , , , , , , , , , , , , , , , , , ,#
 , , , , , , , , , , , , , , , , , , , , , , , ,d, , , , , , ,d, , ,`,`,`, , ,d, , , , , , ,d, , , , , , , , , , , , , , , , , , , , , , , , ,#
 , , , , , , , , , , , , , , , , , , , ,f,`,n, ,`, ,n,`,f, ,n,`,n, ,`,`,`, ,n,`,n, ,f,`,n, ,`, ,n,`,f, , , , , , , , , , , , , , , , , , , , ,#
 , , , , , , , , , , , , , , , , , , , ,`,b,`,d,`,d,`,b,`, ,h,b,f, ,`,`,`, ,h,b,f, ,`,b,`,d,`,d,`,b,`, , , , , , , , , , , , , , , , , , , , ,#
 , , , , , , , , , , , , , , , , , , , ,h,`,n, ,`, ,n,`,h, , ,d, , ,`,`,`, , ,d, , ,h,`,n, ,`, ,n,`,h, , , , , , , , , , , , , , , , , , , , ,#
 , , , , , , , , , , , , , , , , , , , , , , , ,`, , , , , ,n,`,n, ,`,`,`, ,n,`,n, , , , , ,`, , , , , , , , , , , , , , , , , , , , , , , , ,#
 , , , , , , , , , , , , , , , , , , , ,h,`,f, ,`, ,h,`,f, ,`,b,`, ,`,`,`, ,`,b,`, ,h,`,f, ,`, ,h,`,f, , , , , , , , , , , , , , , , , , , , ,#
 , , , , , , , , , , , , , , , , , , , ,`,b,`, ,`, ,`,b,`, ,h,`,f, ,`,`,`, ,h,`,f, ,`,b,`, ,`, ,`,b,`, , , , , , , , , , , , , , , , , , , , ,#
 , , , , , , , , , , , , , , , , , , , ,n,`,n, ,`, ,n,`,n, , , , , ,`,`,`, , , , , ,n,`,n, ,`, ,n,`,n, , , , , , , , , , , , , , , , , , , , ,#
 , , , , , , , , , , , ,h,`,f, ,f,`,n, , ,d, , ,`, , ,d, , ,n,`,f, ,`,`,`, ,f,`,n, , ,d, , ,`, , ,d, , ,n,`,f, ,h,`,f, , , , , , , , , , , , ,#
 , , , , , , , , , , , ,`,b,`, ,`,b,`,d,`,`,`,`,`,`,`,`,`,d,`,b,`, ,`,`,`, ,`,b,`,d,`,`,`,`,`,`,`,`,`,d,`,b,`, ,`,b,`, , , , , , , , , , , , ,#
 , , , , , , , , , , , ,n,`,n, ,h,`,n, , ,d, , ,`, , ,d, , ,n,`,h, ,`,`,`, ,h,`,n, , ,d, , ,`, , ,d, , ,n,`,h, ,n,`,n, , , , , , , , , , , , ,#
 , , , , , , , , , , , , ,d, , , , , , ,n,`,n, ,`, ,n,`,n, , , , , ,`,`,`, , , , , ,n,`,n, ,`, ,n,`,n, , , , , , ,d, , , , , , , , , , , , , ,#
 , , , , ,h,`,f, ,f,`,n, ,`, ,n,r,a,h, ,r,b,t, ,`, ,`,b,`, ,h,b,f, ,`,`,`, ,h,b,f, ,`,b,`, ,`, ,r,b,t, ,h,a,r,n, ,`, ,n,`,f, ,h,`,f, , , , , ,#
 , , , , ,`,b,`, ,`,b,`,d,`,d,`,b,`,s, ,a,`,c, ,`, ,h,`,f, ,n,`,n, ,`,`,`, ,n,`,n, ,h,`,f, ,`, ,a,`,c, ,s,`,b,`,d,`,d,`,b,`, ,`,b,`, , , , , ,#
 , , , , ,n,`,n, ,h,`,n, ,`, ,n,t,c,f, ,h,s,f, ,`, , , , , , ,d, , ,`,`,`, , ,d, , , , , , ,`, ,h,s,f, ,f,c,t,n, ,`, ,n,`,h, ,n,`,n, , , , , ,#
 ,f,`,n, , ,d, , , , , , ,`, , , , , , , , , , ,`,`,`,`,`,`,`,`,`,`,`,`,`,`,`,`,`,`,`,`,`,`,`, , , , , , , , , , ,`, , , , , , ,d, , ,n,`,f, ,#
 ,`,b,`,d,`,`,`,`,`,`,`,`,`,`,`,`,`,`,`,`,`,`,`,`,`,`,`,`,`,`,`,`,`,`,`,`,`,`,`,`,`,`,`,`,`,`,`,`,`,`,`,`,`,`,`,`,`,`,`,`,`,`,`,`,`,d,`,b,`, ,#
 ,h,`,n, , ,d, , , , , , ,`, , , , , , , , , , ,`,`,`,`,`,`,`,`,`,`,`,`,`,`,`,`,`,`,`,`,`,`,`, , , , , , , , , , ,`, , , , , , ,d, , ,n,`,h, ,#
 , , , , ,n,`,n, ,f,`,n, ,`, ,n,r,a,h, ,h,s,f, ,`, , , , , , ,d, , ,`,`,`, , ,d, , , , , , ,`, ,h,s,f, ,h,a,r,n, ,`, ,n,`,f, ,n,`,n, , , , , ,#
 , , , , ,`,b,`, ,`,b,`,d,`,d,`,b,`,s, ,a,`,c, ,`, ,h,`,f, ,n,`,n, ,`,`,`, ,n,`,n, ,h,`,f, ,`, ,a,`,c, ,s,`,b,`,d,`,d,`,b,`, ,`,b,`, , , , , ,#
 , , , , ,h,`,f, ,h,`,n, ,`, ,n,t,c,f, ,r,b,t, ,`, ,`,b,`, ,h,b,f, ,`,`,`, ,h,b,f, ,`,b,`, ,`, ,r,b,t, ,f,c,t,n, ,`, ,n,`,h, ,h,`,f, , , , , ,#
 , , , , , , , , , , , , ,d, , , , , , ,n,`,n, ,`, ,n,`,n, , , , , ,`,`,`, , , , , ,n,`,n, ,`, ,n,`,n, , , , , , ,d, , , , , , , , , , , , , ,#
 , , , , , , , , , , , ,n,`,n, ,f,`,n, , ,d, , ,`, , ,d, , ,n,`,f, ,`,`,`, ,f,`,n, , ,d, , ,`, , ,d, , ,n,`,f, ,n,`,n, , , , , , , , , , , , ,#
 , , , , , , , , , , , ,`,b,`, ,`,b,`,d,`,`,`,`,`,`,`,`,`,d,`,b,`, ,`,`,`, ,`,b,`,d,`,`,`,`,`,`,`,`,`,d,`,b,`, ,`,b,`, , , , , , , , , , , , ,#
 , , , , , , , , , , , ,h,`,f, ,h,`,n, , ,d, , ,`, , ,d, , ,n,`,h, ,`,`,`, ,h,`,n, , ,d, , ,`, , ,d, , ,n,`,h, ,h,`,f, , , , , , , , , , , , ,#
 , , , , , , , , , , , , , , , , , , , ,n,`,n, ,`, ,n,`,n, , , , , ,`,`,`, , , , , ,n,`,n, ,`, ,n,`,n, , , , , , , , , , , , , , , , , , , , ,#
 , , , , , , , , , , , , , , , , , , , ,`,b,`, ,`, ,`,b,`, ,h,s,f, ,`,`,`, ,h,s,f, ,`,b,`, ,`, ,`,b,`, , , , , , , , , , , , , , , , , , , , ,#
 , , , , , , , , , , , , , , , , , , , ,h,`,f, ,`, ,h,`,f, ,a,`,c, ,`,`,`, ,a,`,c, ,h,`,f, ,`, ,h,`,f, , , , , , , , , , , , , , , , , , , , ,#
 , , , , , , , , , , , , , , , , , , , , , , , ,`, , , , , ,r,b,t,d,`,`,`,d,r,b,t, , , , , ,`, , , , , , , , , , , , , , , , , , , , , , , , ,#
 , , , , , , , , , , , , , , , , , , , ,f,`,n, ,`, ,n,`,f, ,n,`,n, ,`,`,`, ,n,`,n, ,f,`,n, ,`, ,n,`,f, , , , , , , , , , , , , , , , , , , , ,#
 , , , , , , , , , , , , , , , , , , , ,`,b,`,d,`,d,`,b,`, , ,d, , ,`,`,`, , ,d, , ,`,b,`,d,`,d,`,b,`, , , , , , , , , , , , , , , , , , , , ,#
 , , , , , , , , , , , , , , , , , , , ,h,`,n, ,`, ,n,`,h, ,`,`,`, ,`,`,`, ,`,`,`, ,h,`,n, ,`, ,n,`,h, , , , , , , , , , , , , , , , , , , , ,#
 , , , , , , , , , , , , , , , , , , , , , , , ,d, , , , , , ,`,`, ,`,`,`, ,`,`, , , , , , ,d, , , , , , , , , , , , , , , , , , , , , , , , ,#
 , , , , , , , , , , , , , , , , , , , , , , ,n,`,n, ,f,`,n, ,`,`, ,`,`,`, ,`,`, ,n,`,f, ,n,`,n, , , , , , , , , , , , , , , , , , , , , , , ,#
 , , , , , , , , , , , , , , , , , , , , , , ,`,b,`, ,`,b,`,d,`,`, ,`,`,`, ,`,`,d,`,b,`, ,`,b,`, , , , , , , , , , , , , , , , , , , , , , , ,#
 , , , , , , , , , , , , , , , , , , , , , , ,h,`,f, ,h,`,n, ,`,`, ,`,`,`, ,`,`, ,n,`,h, ,h,`,f, , , , , , , , , , , , , , , , , , , , , , , ,#
 , , , , , , , , , , , , , , , , , , , , , , , , , , , , , , , , , ,`,`,`, , , , , , , , , , , , , , , , , , , , , , , , , , , , , , , , , , ,#
 , , , , , , , , , , , , , , , , , , , , , ,`,`,`,`,`,`,`,`,`,`,`,`,`,`,`,`,`,`,`,`,`,`,`,`,`,`,`, , , , , , , , , , , , , , , , , , , , , , ,#
 , , , , , , , , , , , , , , , , , , , , , ,`,`,`,`,`,`,`,`,`,`,`,`,~,~,~,`,`,`,`,`,`,`,`,`,`,`,`, , , , , , , , , , , , , , , , , , , , , , ,#
 , , , , , , , , , , , , , , , , , , , , , ,`,`,`,`,`,`,`,`,`,`,`,`,~,~,~,`,`,`,`,`,`,`,`,`,`,`,`, , , , , , , , , , , , , , , , , , , , , , ,#
 , , , , , , , , , , , , , , , , , , , , , ,`,`,`,`,`,`,`,`,`,`,`,`,~,~,~,`,`,`,`,`,`,`,`,`,`,`,`, , , , , , , , , , , , , , , , , , , , , , ,#
 , , , , , , , , , , , , , , , , , , , , , , , , , , , , , , , , , , , , , , , , , , , , , , , , , , , , , , , , , , , , , , , , , , , , , , ,#
#,#,#,#,#,#,#,#,#,#,#,#,#,#,#,#,#,#,#,#,#,#,#,#,#,#,#,#,#,#,#,#,#,#,#,#,#,#,#,#,#,#,#,#,#,#,#,#,#,#,#,#,#,#,#,#,#,#,#,#,#,#,#,#,#,#,#,#,#,#,#,#
#query label(rooms) start(36;73) message(use burial script to mark urns as usable) room designations
 , , , , , , , , , , , , , , , , , , , , , , , , , , , , , , , , , , , , , , , , , , , , , , , , , , , , , , , , , , , , , , , , , , , , , , ,#
 , , , , , , , , , , , , , , , , , , , , , , , , , , , , , , , , , , , , , , , , , , , , , , , , , , , , , , , , , , , , , , , , , , , , , , ,#
 , , , , , , , , , , , , , , , , , , , , , , , , , , , , , , , , , , ,r+,, , , , , , , , , , , , , , , , , , , , , , , , , , , , , , , , , , ,#
 , , , , , , , , , , , , , , , , , , , , , , , , , , , , , , , , , , , , , , , , , , , , , , , , , , , , , , , , , , , , , , , , , , , , , , ,#
 , , , , , , , , , , , , , , , , , , , , , , , , , , , , , , , , , , , , , , , , , , , , , , , , , , , , , , , , , , , , , , , , , , , , , , ,#
 , , , , , , , , , , , , , , , , , , , , , , , , , , , , , , , , , , , , , , , , , , , , , , , , , , , , , , , , , , , , , , , , , , , , , , ,#
 , , , , , , , , , , , , , , , , , , , , , , , , , , , , , , , ,r+,, , , , ,r+,, , , , , , , , , , , , , , , , , , , , , , , , , , , , , , , ,#
 , , , , , , , , , , , , , , , , , , , , , , , , , , , , , , , , , , , , , , , , , , , , , , , , , , , , , , , , , , , , , , , , , , , , , , ,#
 , , , , , , , , , , , , , , , , , , , , , , , , , , , , , , , , , , , , , , , , , , , , , , , , , , , , , , , , , , , , , , , , , , , , , , ,#
 , , , , , , , , , , , , , , , , , , , , , , , , , , , , , , , , , , , , , , , , , , , , , , , , , , , , , , , , , , , , , , , , , , , , , , ,#
 , , , , , , , , , , , , , , , , , , , , , , , , , , , , , , , ,r+,, , , , ,r+,, , , , , , , , , , , , , , , , , , , , , , , , , , , , , , , ,#
 , , , , , , , , , , , , , , , , , , , , , , , , , , , , , , , , , , , , , , , , , , , , , , , , , , , , , , , , , , , , , , , , , , , , , , ,#
 , , , , , , , , , , , , , , , , , , , , , , , , , , , , , , , , , , , , , , , , , , , , , , , , , , , , , , , , , , , , , , , , , , , , , , ,#
 , , , , , , , , , , , , , , , , , , , , , , , , , , , ,r+,, , , , , , , , , , , , ,r+,, , , , , , , , , , , , , , , , , , , , , , , , , , , ,#
 , , , , , , , , , , , , , , , , , , , , , , , , , , , , , , , , , , , , , , , , , , , , , , , , , , , , , , , , , , , , , , , , , , , , , , ,#
 , , , , , , , , , , , , , , , , , , , , , , , , , , , , , , , , , , , , , , , , , , , , , , , , , , , , , , , , , , , , , , , , , , , , , , ,#
 , , , , , , , , , , , , , , , , , , , , , , , , , , , , , , , ,r+,, , , , ,r+,, , , , , , , , , , , , , , , , , , , , , , , , , , , , , , , ,#
 , , , , , , , , , , , , , , , , , , , , , , , , , , , ,r+,, , , , , , , , , , , , ,r+,, , , , , , , , , , , , , , , , , , , , , , , , , , , ,#
 , , , , , , , , , , , , , , , , , , , , , , , , , , , , , , , , , , , , , , , , , , , , , , , , , , , , , , , , , , , , , , , , , , , , , , ,#
 , , , , , , , , , , , , , , , , , , , , , , , , , , , , , , , , , , , , , , , , , , , , , , , , , , , , , , , , , , , , , , , , , , , , , , ,#
 , , , , , , , , , , , , , , , , , , , , , , , , , , , , , , , , , , , , , , , , , , , , , , , , , , , , , , , , , , , , , , , , , , , , , , ,#
 , , , , , , , , , , , , , , , , , , , , ,r+,, , ,r+,, , , , ,r+,, , , , , , ,r+,, , , , ,r+,, , ,r+,, , , , , , , , , , , , , , , , , , , , ,#
 , , , , , , , , , , , , , , , , , , , , , , , , , , , , , , , , , , , , , , , , , , , , , , , , , , , , , , , , , , , , , , , , , , , , , , ,#
 , , , , , , , , , , , , , , , , , , , , , , , , , , , , , , , , , , , , , , , , , , , , , , , , , , , , , , , , , , , , , , , , , , , , , , ,#
 , , , , , , , , , , , , , , , , ,r+,, , , , , , , , , , , , , , , , , , , , , , , , , , , , , , , , , , ,r+,, , , , , , , , , , , , , , , , ,#
 , , , , , , , , , , , , , , , , , , , , , , , , , , , , , , , , , , , , , , , , , , , , , , , , , , , , , , , , , , , , , , , , , , , , , , ,#
 , , , , , , , , , , , , , , , , , , , , , , , , , , , , , , , , , , , , , , , , , , , , , , , , , , , , , , , , , , , , , , , , , , , , , , ,#
 , , , , , , , , , , , , , , , , , , , , ,r+,, , ,r+,, , , , ,r+,, , , , , , ,r+,, , , , ,r+,, , ,r+,, , , , , , , , , , , , , , , , , , , , ,#
 , , , , , , , , , , , , , , , , , , , , , , , , , , , , , , , , , , , , , , , , , , , , , , , , , , , , , , , , , , , , , , , , , , , , , , ,#
 , , , , , , , , , , , , , , , , , , , , , , , , , , , , , , , , , , , , , , , , , , , , , , , , , , , , , , , , , , , , , , , , , , , , , , ,#
 , , , , , , , , , , , , , , , , , , , , , , , , , , , , , , , , , , , , , , , , , , , , , , , , , , , , , , , , , , , , , , , , , , , , , , ,#
 , , , , , , , , , , , , , , , , , , , , , , , ,r+,, , ,r+,, ,r+,, , , , , , ,r+,, ,r+,, , ,r+,, , , , , , , , , , , , , , , , , , , , , , , ,#
 , , , , , , , , , , , , , , , , , , , , , , , , , , , , , , , , , , , , , , , , , , , , , , , , , , , , , , , , , , , , , , , , , , , , , , ,#
 , , , , , , , , , , , , , , , , , , , , , , , , , , , , , , , , , , , , , , , , , , , , , , , , , , , , , , , , , , , , , , , , , , , , , , ,#
 , , , , , , , , , , , , , , , , , , , , , , , , , , , , , , , , , , , , , , , , , , , , , , , , , , , , , , , , , , , , , , , , , , , , , , ,#
 , , , , , , , , , , , , , , , , , , , , ,r+,, , , , ,r+,, , ,r+,, , , , , , ,r+,, , ,r+,, , , , ,r+,, , , , , , , , , , , , , , , , , , , , ,#
 , , , , , , , , , , , , , , , , , , , , , , , , , , , , , , , , , , , , , , , , , , , , , , , , , , , , , , , , , , , , , , , , , , , , , , ,#
 , , , , , , , , , , , , , , , , , , , , , , , , , , , , , , , , , , , , , , , , , , , , , , , , , , , , , , , , , , , , , , , , , , , , , , ,#
 , , , , , , , , , , , , , , , , , , , , , , , , , , , , , , ,r+,, , , , , , ,r+,, , , , , , , , , , , , , , , , , , , , , , , , , , , , , , ,#
 , , , , , , , , , , , , , , , , , , , , ,r+,, , , , ,r+,, , , , , , , , , , , , , , ,r+,, , , , ,r+,, , , , , , , , , , , , , , , , , , , , ,#
 , , , , , , , , , , , , , , , , , , , , , , , , , , , , , , , , , , , , , , , , , , , , , , , , , , , , , , , , , , , , , , , , , , , , , , ,#
 , , , , , , , , , , , , , , , , , , , , , , , , , , , , , , , , , , , , , , , , , , , , , , , , , , , , , , , , , , , , , , , , , , , , , , ,#
 , , , , , , , , , , , , ,r+,, , ,r+,, , , , , , , , , , , , ,r+,, , , , , , ,r+,, , , , , , , , , , , , ,r+,, , ,r+,, , , , , , , , , , , , ,#
 , , , , , , , , , , , , , , , , , , , , , , , , , , , , , , , , , , , , , , , , , , , , , , , , , , , , , , , , , , , , , , , , , , , , , , ,#
 , , , , , , , , , , , , , , , , , , , , , , , , , , , , , , , , , , , , , , , , , , , , , , , , , , , , , , , , , , , , , , , , , , , , , , ,#
 , , , , , , , , , , , , , , , , , , , , ,r+,, , , , ,r+,, , ,r+,, , , , , , ,r+,, , ,r+,, , , , ,r+,, , , , , , , , , , , , , , , , , , , , ,#
 , , , , , ,r+,, , ,r+,, , , , ,r+,, , , , , , , , , , , , , , , , , , , , , , , , , , , , , , , , , , , , ,r+,, , , , ,r+,, , ,r+,, , , , , ,#
 , , , , , , , , , , , , , , , , , , , , , , , , , , , , , , , , , , , , , , , , , , , , , , , , , , , , , , , , , , , , , , , , , , , , , , ,#
 , , , , , , , , , , , , , , , , , , , , , , , , , , , , , , , , , , , , , , , , , , , , , , , , , , , , , , , , , , , , , , , , , , , , , , ,#
 , ,r+,, , , , , , , , , , , , , , , , , , , , , , , , , , , , , , , , , , , , , , , , , , , , , , , , , , , , , , , , , , , , , , , , ,r+,, ,#
 , , , , , , , , , , , , , , , , , , , , , , , , , , , , , , , , , , , , , , , , , , , , , , , , , , , , , , , , , , , , , , , , , , , , , , ,#
 , , , , , , , , , , , , , , , , , , , , , , , , , , , , , , , , , , , , , , , , , , , , , , , , , , , , , , , , , , , , , , , , , , , , , , ,#
 , , , , , ,r+,, , ,r+,, , , , ,r+,, , , , , , , , , , , , , , , , , , , , , , , , , , , , , , , , , , , , ,r+,, , , , ,r+,, , ,r+,, , , , , ,#
 , , , , , , , , , , , , , , , , , , , , ,r+,, , , , ,r+,, , ,r+,, , , , , , ,r+,, , ,r+,, , , , ,r+,, , , , , , , , , , , , , , , , , , , , ,#
 , , , , , , , , , , , , , , , , , , , , , , , , , , , , , , , , , , , , , , , , , , , , , , , , , , , , , , , , , , , , , , , , , , , , , , ,#
 , , , , , , , , , , , , , , , , , , , , , , , , , , , , , , , , , , , , , , , , , , , , , , , , , , , , , , , , , , , , , , , , , , , , , , ,#
 , , , , , , , , , , , , ,r+,, , ,r+,, , , , , , , , , , , , ,r+,, , , , , , ,r+,, , , , , , , , , , , , ,r+,, , ,r+,, , , , , , , , , , , , ,#
 , , , , , , , , , , , , , , , , , , , , , , , , , , , , , , , , , , , , , , , , , , , , , , , , , , , , , , , , , , , , , , , , , , , , , , ,#
 , , , , , , , , , , , , , , , , , , , , , , , , , , , , , , , , , , , , , , , , , , , , , , , , , , , , , , , , , , , , , , , , , , , , , , ,#
 , , , , , , , , , , , , , , , , , , , , ,r+,, , , , ,r+,, , , , , , , , , , , , , , ,r+,, , , , ,r+,, , , , , , , , , , , , , , , , , , , , ,#
 , , , , , , , , , , , , , , , , , , , , , , , , , , , , , , , , , , , , , , , , , , , , , , , , , , , , , , , , , , , , , , , , , , , , , , ,#
 , , , , , , , , , , , , , , , , , , , , , , , , , , , , , , ,r+,, , , , , , ,r+,, , , , , , , , , , , , , , , , , , , , , , , , , , , , , , ,#
 , , , , , , , , , , , , , , , , , , , , , , , , , , , , , , , , , , , , , , , , , , , , , , , , , , , , , , , , , , , , , , , , , , , , , , ,#
 , , , , , , , , , , , , , , , , , , , , ,r+,, , , , ,r+,, , , , , , , , , , , , , , ,r+,, , , , ,r+,, , , , , , , , , , , , , , , , , , , , ,#
 , , , , , , , , , , , , , , , , , , , , , , , , , , , , , , , , , , , , , , , , , , , , , , , , , , , , , , , , , , , , , , , , , , , , , , ,#
 , , , , , , , , , , , , , , , , , , , , , , , , , , , , , , , , , , , , , , , , , , , , , , , , , , , , , , , , , , , , , , , , , , , , , , ,#
 , , , , , , , , , , , , , , , , , , , , , , , , , , , , , , , , , , , , , , , , , , , , , , , , , , , , , , , , , , , , , , , , , , , , , , ,#
 , , , , , , , , , , , , , , , , , , , , , , , ,r+,, , ,r+,, , , , , , , , , , , , ,r+,, , ,r+,, , , , , , , , , , , , , , , , , , , , , , , ,#
 , , , , , , , , , , , , , , , , , , , , , , , , , , , , , , , , , , , , , , , , , , , , , , , , , , , , , , , , , , , , , , , , , , , , , , ,#
 , , , , , , , , , , , , , , , , , , , , , , , , , , , , , , , , , , , , , , , , , , , , , , , , , , , , , , , , , , , , , , , , , , , , , , ,#
 , , , , , , , , , , , , , , , , , , , , , , , , , , , , , , , , , , , , , , , , , , , , , , , , , , , , , , , , , , , , , , , , , , , , , , ,#
 , , , , , , , , , , , , , , , , , , , , , , , , , , , , , , , , , ,~,~,~, , , , , , , , , , , , , , , , , , , , , , , , , , , , , , , , , , ,#
 , , , , , , , , , , , , , , , , , , , , , , , , , , , , , , , , , ,~,~,~, , , , , , , , , , , , , , , , , , , , , , , , , , , , , , , , , , ,#
 , , , , , , , , , , , , , , , , , , , , , , , , , , , , , , , , , ,~,~,~, , , , , , , , , , , , , , , , , , , , , , , , , , , , , , , , , , ,#
 , , , , , , , , , , , , , , , , , , , , , , , , , , , , , , , , , , , , , , , , , , , , , , , , , , , , , , , , , , , , , , , , , , , , , , ,#
#,#,#,#,#,#,#,#,#,#,#,#,#,#,#,#,#,#,#,#,#,#,#,#,#,#,#,#,#,#,#,#,#,#,#,#,#,#,#,#,#,#,#,#,#,#,#,#,#,#,#,#,#,#,#,#,#,#,#,#,#,#,#,#,#,#,#,#,#,#,#,#
